short,name,domain
so,Stack Overflow,stackoverflow.com
sf,Server Fault,serverfault.com
su,Super User,superuser.com
mse,Meta Stack Exchange,meta.stackexchange.com
wa,Web Applications,webapps.stackexchange.com
wam,Web Applications Meta,meta.webapps.stackexchange.com
a,Arqade,gaming.stackexchange.com
am,Arqade Meta,meta.gaming.stackexchange.com
w,Webmasters,webmasters.stackexchange.com
wm,Webmasters Meta,meta.webmasters.stackexchange.com
sea,Seasoned Advice,cooking.stackexchange.com
seam,Seasoned Advice Meta,meta.cooking.stackexchange.com
gd,Game Development,gamedev.stackexchange.com
gdm,Game Development Meta,meta.gamedev.stackexchange.com
pg,Photography,photo.stackexchange.com
pgm,Photography Meta,meta.photo.stackexchange.com
cv,Cross Validated,stats.stackexchange.com
cvm,Cross Validated Meta,meta.stats.stackexchange.com
math,Mathematics,math.stackexchange.com
mathm,Mathematics Meta,meta.math.stackexchange.com
hi,Home Improvement,diy.stackexchange.com
him,Home Improvement Meta,meta.diy.stackexchange.com
msu,Meta Super User,meta.superuser.com
msf,Meta Server Fault,meta.serverfault.com
gis,Geographic Information Systems,gis.stackexchange.com
gism,Geographic Information Systems Meta,meta.gis.stackexchange.com
t,TeX - LaTeX,tex.stackexchange.com
tm,TeX - LaTeX Meta,meta.tex.stackexchange.com
au,Ask Ubuntu,askubuntu.com
aum,Ask Ubuntu Meta,meta.askubuntu.com
money,Personal Finance & Money,money.stackexchange.com
moneym,Personal Finance & Money Meta,meta.money.stackexchange.com
elu,English Language & Usage,english.stackexchange.com
elum,English Language & Usage Meta,meta.english.stackexchange.com
sa,Stack Apps,stackapps.com
ux,User Experience,ux.stackexchange.com
uxm,User Experience Meta,meta.ux.stackexchange.com
ul,Unix & Linux,unix.stackexchange.com
ulm,Unix & Linux Meta,meta.unix.stackexchange.com
wp,WordPress Development,wordpress.stackexchange.com
wpm,WordPress Development Meta,meta.wordpress.stackexchange.com
tcs,Theoretical Computer Science,cstheory.stackexchange.com
tcsm,Theoretical Computer Science Meta,meta.cstheory.stackexchange.com
ad,Ask Different,apple.stackexchange.com
adm,Ask Different Meta,meta.apple.stackexchange.com
rpg,Role-playing Games,rpg.stackexchange.com
rpgm,Role-playing Games Meta,meta.rpg.stackexchange.com
b,Bicycles,bicycles.stackexchange.com
bm,Bicycles Meta,meta.bicycles.stackexchange.com
se,Software Engineering,softwareengineering.stackexchange.com
sem,Software Engineering Meta,meta.softwareengineering.stackexchange.com
ee,Electrical Engineering,electronics.stackexchange.com
eem,Electrical Engineering Meta,meta.electronics.stackexchange.com
ae,Android Enthusiasts,android.stackexchange.com
aem,Android Enthusiasts Meta,meta.android.stackexchange.com
bg,Board & Card Games,boardgames.stackexchange.com
bgm,Board & Card Games Meta,meta.boardgames.stackexchange.com
phy,Physics,physics.stackexchange.com
phym,Physics Meta,meta.physics.stackexchange.com
hb,Homebrewing,homebrew.stackexchange.com
hbm,Homebrewing Meta,meta.homebrew.stackexchange.com
sec,Information Security,security.stackexchange.com
secm,Information Security Meta,meta.security.stackexchange.com
wri,Writing,writing.stackexchange.com
wrim,Writing Meta,meta.writing.stackexchange.com
vp,Video Production,video.stackexchange.com
vpm,Video Production Meta,meta.video.stackexchange.com
gd1,Graphic Design,graphicdesign.stackexchange.com
gdm1,Graphic Design Meta,meta.graphicdesign.stackexchange.com
dba,Database Administrators,dba.stackexchange.com
dbam,Database Administrators Meta,meta.dba.stackexchange.com
sff,Sci-Fi & Fantasy,scifi.stackexchange.com
sffm,Sci-Fi & Fantasy Meta,meta.scifi.stackexchange.com
cr,Code Review,codereview.stackexchange.com
crm,Code Review Meta,meta.codereview.stackexchange.com
cg1,Code Golf,codegolf.stackexchange.com
cgm1,Code Golf Meta,meta.codegolf.stackexchange.com
qf,Quantitative Finance,quant.stackexchange.com
qfm,Quantitative Finance Meta,meta.quant.stackexchange.com
pm,Project Management,pm.stackexchange.com
pmm,Project Management Meta,meta.pm.stackexchange.com
sk,Skeptics,skeptics.stackexchange.com
skm,Skeptics Meta,meta.skeptics.stackexchange.com
pf,Physical Fitness,fitness.stackexchange.com
pfm,Physical Fitness Meta,meta.fitness.stackexchange.com
da,Drupal Answers,drupal.stackexchange.com
dam,Drupal Answers Meta,meta.drupal.stackexchange.com
mv,Motor Vehicle Maintenance & Repair,mechanics.stackexchange.com
mvm,Motor Vehicle Maintenance & Repair Meta,meta.mechanics.stackexchange.com
pt,Parenting,parenting.stackexchange.com
ptm,Parenting Meta,meta.parenting.stackexchange.com
sp,SharePoint,sharepoint.stackexchange.com
spm,SharePoint Meta,meta.sharepoint.stackexchange.com
mu,Music: Practice & Theory,music.stackexchange.com
mum,Music: Practice & Theory Meta,meta.music.stackexchange.com
sqa,Software Quality Assurance & Testing,sqa.stackexchange.com
sqam,Software Quality Assurance & Testing Meta,meta.sqa.stackexchange.com
my,Mi Yodeya,judaism.stackexchange.com
mym,Mi Yodeya Meta,meta.judaism.stackexchange.com
gl,German Language,german.stackexchange.com
glm,German Language Meta,meta.german.stackexchange.com
jl,Japanese Language,japanese.stackexchange.com
jlm,Japanese Language Meta,meta.japanese.stackexchange.com
ph,Philosophy,philosophy.stackexchange.com
phm,Philosophy Meta,meta.philosophy.stackexchange.com
ga,Gardening & Landscaping,gardening.stackexchange.com
gam,Gardening & Landscaping Meta,meta.gardening.stackexchange.com
tr,Travel,travel.stackexchange.com
trm,Travel Meta,meta.travel.stackexchange.com
cryp,Cryptography,crypto.stackexchange.com
crypm,Cryptography Meta,meta.crypto.stackexchange.com
sp1,Signal Processing,dsp.stackexchange.com
spm1,Signal Processing Meta,meta.dsp.stackexchange.com
fl,French Language,french.stackexchange.com
flm,French Language Meta,meta.french.stackexchange.com
ch,Christianity,christianity.stackexchange.com
chm,Christianity Meta,meta.christianity.stackexchange.com
bt,Bitcoin,bitcoin.stackexchange.com
btm,Bitcoin Meta,meta.bitcoin.stackexchange.com
li,Linguistics,linguistics.stackexchange.com
lim,Linguistics Meta,meta.linguistics.stackexchange.com
bh,Biblical Hermeneutics,hermeneutics.stackexchange.com
bhm,Biblical Hermeneutics Meta,meta.hermeneutics.stackexchange.com
his,History,history.stackexchange.com
hism,History Meta,meta.history.stackexchange.com
br,Bricks,bricks.stackexchange.com
brm,Bricks Meta,meta.bricks.stackexchange.com
spl,Spanish Language,spanish.stackexchange.com
splm,Spanish Language Meta,meta.spanish.stackexchange.com
scicomp,Computational Science,scicomp.stackexchange.com
scicompm,Computational Science Meta,meta.scicomp.stackexchange.com
mt,Movies & TV,movies.stackexchange.com
mtm,Movies & TV Meta,meta.movies.stackexchange.com
chl,Chinese Language,chinese.stackexchange.com
chlm,Chinese Language Meta,meta.chinese.stackexchange.com
bio,Biology,biology.stackexchange.com
biom,Biology Meta,meta.biology.stackexchange.com
pk,Poker,poker.stackexchange.com
pkm,Poker Meta,meta.poker.stackexchange.com
mat,Mathematica,mathematica.stackexchange.com
matm,Mathematica Meta,meta.mathematica.stackexchange.com
ps,Psychology & Neuroscience,psychology.stackexchange.com
psm,Psychology & Neuroscience Meta,meta.psychology.stackexchange.com
tgo,The Great Outdoors,outdoors.stackexchange.com
tgom,The Great Outdoors Meta,meta.outdoors.stackexchange.com
ma,Martial Arts,martialarts.stackexchange.com
mam,Martial Arts Meta,meta.martialarts.stackexchange.com
sp2,Sports,sports.stackexchange.com
spm2,Sports Meta,meta.sports.stackexchange.com
acad,Academia,academia.stackexchange.com
acadm,Academia Meta,meta.academia.stackexchange.com
cs,Computer Science,cs.stackexchange.com
csm,Computer Science Meta,meta.cs.stackexchange.com
wkp,The Workplace,workplace.stackexchange.com
wkpm,The Workplace Meta,meta.workplace.stackexchange.com
chem,Chemistry,chemistry.stackexchange.com
chemm,Chemistry Meta,meta.chemistry.stackexchange.com
ch1,Chess,chess.stackexchange.com
chm1,Chess Meta,meta.chess.stackexchange.com
rp,Raspberry Pi,raspberrypi.stackexchange.com
rpm,Raspberry Pi Meta,raspberrypi.meta.stackexchange.com
ru,Russian Language,russian.stackexchange.com
rum,Russian Language Meta,russian.meta.stackexchange.com
is,Islam,islam.stackexchange.com
ism,Islam Meta,islam.meta.stackexchange.com
sf1,Salesforce,salesforce.stackexchange.com
sfm1,Salesforce Meta,salesforce.meta.stackexchange.com
ap,Ask Patents,patents.stackexchange.com
apm,Ask Patents Meta,patents.meta.stackexchange.com
gf,Genealogy & Family History,genealogy.stackexchange.com
gfm,Genealogy & Family History Meta,genealogy.meta.stackexchange.com
ro,Robotics,robotics.stackexchange.com
rom,Robotics Meta,robotics.meta.stackexchange.com
ea,ExpressionEngine Answers,expressionengine.stackexchange.com
eam,ExpressionEngine Answers Meta,expressionengine.meta.stackexchange.com
po,Politics,politics.stackexchange.com
pom,Politics Meta,politics.meta.stackexchange.com
anime,Anime & Manga,anime.stackexchange.com
animem,Anime & Manga Meta,anime.meta.stackexchange.com
mg,Magento,magento.stackexchange.com
mgm,Magento Meta,magento.meta.stackexchange.com
ell,English Language Learners,ell.stackexchange.com
ellm,English Language Learners Meta,ell.meta.stackexchange.com
sl,Sustainable Living,sustainability.stackexchange.com
slm,Sustainable Living Meta,sustainability.meta.stackexchange.com
tri,Tridion,tridion.stackexchange.com
trim,Tridion Meta,tridion.meta.stackexchange.com
re,Reverse Engineering,reverseengineering.stackexchange.com
rem,Reverse Engineering Meta,reverseengineering.meta.stackexchange.com
ne,Network Engineering,networkengineering.stackexchange.com
nem,Network Engineering Meta,networkengineering.meta.stackexchange.com
od,Open Data,opendata.stackexchange.com
odm,Open Data Meta,opendata.meta.stackexchange.com
fr,Freelancing,freelancing.stackexchange.com
frm,Freelancing Meta,freelancing.meta.stackexchange.com
bl,Blender,blender.stackexchange.com
blm,Blender Meta,blender.meta.stackexchange.com
mo,MathOverflow,mathoverflow.net
mom,MathOverflow Meta,meta.mathoverflow.net
space,Space Exploration,space.stackexchange.com
spacem,Space Exploration Meta,space.meta.stackexchange.com
sd,Sound Design,sound.stackexchange.com
sdm,Sound Design Meta,sound.meta.stackexchange.com
as,Astronomy,astronomy.stackexchange.com
asm,Astronomy Meta,astronomy.meta.stackexchange.com
to,Tor,tor.stackexchange.com
tom,Tor Meta,tor.meta.stackexchange.com
pe,Pets,pets.stackexchange.com
pem,Pets Meta,pets.meta.stackexchange.com
ar,Amateur Radio,ham.stackexchange.com
arm,Amateur Radio Meta,ham.meta.stackexchange.com
it,Italian Language,italian.stackexchange.com
itm,Italian Language Meta,italian.meta.stackexchange.com
sopt,Stack Overflow em Português,pt.stackoverflow.com
soptm,Stack Overflow em Português Meta,pt.meta.stackoverflow.com
av,Aviation,aviation.stackexchange.com
avm,Aviation Meta,aviation.meta.stackexchange.com
eb,Ebooks,ebooks.stackexchange.com
ebm,Ebooks Meta,ebooks.meta.stackexchange.com
bw,Beer, Wine & Spirits,alcohol.stackexchange.com
bwm,Beer, Wine & Spirits Meta,alcohol.meta.stackexchange.com
sr,Software Recommendations,softwarerecs.stackexchange.com
srm,Software Recommendations Meta,softwarerecs.meta.stackexchange.com
ard,Arduino,arduino.stackexchange.com
ardm,Arduino Meta,arduino.meta.stackexchange.com
cs50,CS50,cs50.stackexchange.com
cs50m,CS50 Meta,cs50.meta.stackexchange.com
ex,Expatriates,expatriates.stackexchange.com
exm,Expatriates Meta,expatriates.meta.stackexchange.com
me,Mathematics Educators,matheducators.stackexchange.com
mem,Mathematics Educators Meta,matheducators.meta.stackexchange.com
mso,Meta Stack Overflow,meta.stackoverflow.com
es1,Earth Science,earthscience.stackexchange.com
esm1,Earth Science Meta,earthscience.meta.stackexchange.com
jo,Joomla,joomla.stackexchange.com
jom,Joomla Meta,joomla.meta.stackexchange.com
ds,Data Science,datascience.stackexchange.com
dsm,Data Science Meta,datascience.meta.stackexchange.com
pz,Puzzling,puzzling.stackexchange.com
pzm,Puzzling Meta,puzzling.meta.stackexchange.com
ccms,Craft CMS,craftcms.stackexchange.com
ccmsm,Craft CMS Meta,craftcms.meta.stackexchange.com
bd,Buddhism,buddhism.stackexchange.com
bdm,Buddhism Meta,buddhism.meta.stackexchange.com
hd,Hinduism,hinduism.stackexchange.com
hdm,Hinduism Meta,hinduism.meta.stackexchange.com
cb,Community Building,communitybuilding.stackexchange.com
cbm,Community Building Meta,communitybuilding.meta.stackexchange.com
wb,Worldbuilding,worldbuilding.stackexchange.com
wbm,Worldbuilding Meta,worldbuilding.meta.stackexchange.com
ja,スタック・オーバーフロー,ja.stackoverflow.com
jam,スタック・オーバーフローMeta,ja.meta.stackoverflow.com
em,Emacs,emacs.stackexchange.com
emm,Emacs Meta,emacs.meta.stackexchange.com
hsm,History of Science and Mathematics,hsm.stackexchange.com
hsmm,History of Science and Mathematics Meta,hsm.meta.stackexchange.com
ec,Economics,economics.stackexchange.com
ecm,Economics Meta,economics.meta.stackexchange.com
lh,Lifehacks,lifehacks.stackexchange.com
lhm,Lifehacks Meta,lifehacks.meta.stackexchange.com
en,Engineering,engineering.stackexchange.com
enm,Engineering Meta,engineering.meta.stackexchange.com
cf,Coffee,coffee.stackexchange.com
cfm,Coffee Meta,coffee.meta.stackexchange.com
vi,Vi and Vim,vi.stackexchange.com
vim,Vi and Vim Meta,vi.meta.stackexchange.com
mf,Music Fans,musicfans.stackexchange.com
mfm,Music Fans Meta,musicfans.meta.stackexchange.com
ww,Woodworking,woodworking.stackexchange.com
wwm,Woodworking Meta,woodworking.meta.stackexchange.com
ccrm,CiviCRM,civicrm.stackexchange.com
ccrmm,CiviCRM Meta,civicrm.meta.stackexchange.com
ms,Medical Sciences,medicalsciences.stackexchange.com
msm,Medical Sciences Meta,medicalsciences.meta.stackexchange.com
soru,Stack Overflow на русском,ru.stackoverflow.com
sorum,Stack Overflow на русском Meta,ru.meta.stackoverflow.com
rus,Русский язык,rus.stackexchange.com
rusm,Русский язык Meta,rus.meta.stackexchange.com
myf,Mythology & Folklore,mythology.stackexchange.com
myfm,Mythology & Folklore Meta,mythology.meta.stackexchange.com
lw,Law,law.stackexchange.com
lwm,Law Meta,law.meta.stackexchange.com
os,Open Source,opensource.stackexchange.com
osm,Open Source Meta,opensource.meta.stackexchange.com
eos,elementary OS,elementaryos.stackexchange.com
eosm,elementary OS Meta,elementaryos.meta.stackexchange.com
ptg,Portuguese Language,portuguese.stackexchange.com
ptgm,Portuguese Language Meta,portuguese.meta.stackexchange.com
cg,Computer Graphics,computergraphics.stackexchange.com
cgm,Computer Graphics Meta,computergraphics.meta.stackexchange.com
hr,Hardware Recommendations,hardwarerecs.stackexchange.com
hrm,Hardware Recommendations Meta,hardwarerecs.meta.stackexchange.com
soes,Stack Overflow en español,es.stackoverflow.com
soesm,Stack Overflow Meta en español,es.meta.stackoverflow.com
3d,3D Printing,3dprinting.stackexchange.com
3dm,3D Printing Meta,3dprinting.meta.stackexchange.com
et,Ethereum,ethereum.stackexchange.com
etm,Ethereum Meta,ethereum.meta.stackexchange.com
lt,Latin Language,latin.stackexchange.com
ltm,Latin Language Meta,latin.meta.stackexchange.com
ll,Language Learning,languagelearning.stackexchange.com
llm,Language Learning Meta,languagelearning.meta.stackexchange.com
rc,Retrocomputing,retrocomputing.stackexchange.com
rcm,Retrocomputing Meta,retrocomputing.meta.stackexchange.com
ac,Arts & Crafts,crafts.stackexchange.com
acm,Arts & Crafts Meta,crafts.meta.stackexchange.com
kr,Korean Language,korean.stackexchange.com
krm,Korean Language Meta,korean.meta.stackexchange.com
mo1,Monero,monero.stackexchange.com
mom1,Monero Meta,monero.meta.stackexchange.com
ai,Artificial Intelligence,ai.stackexchange.com
aim,Artificial Intelligence Meta,ai.meta.stackexchange.com
es,Esperanto Language,esperanto.stackexchange.com
esm,Esperanto Language Meta,esperanto.meta.stackexchange.com
sc,Sitecore,sitecore.stackexchange.com
scm,Sitecore Meta,sitecore.meta.stackexchange.com
iot,Internet of Things,iot.stackexchange.com
iotm,Internet of Things Meta,iot.meta.stackexchange.com
lit,Literature,literature.stackexchange.com
litm,Literature Meta,literature.meta.stackexchange.com
veg,Veganism & Vegetarianism,vegetarianism.stackexchange.com
vegm,Veganism & Vegetarianism Meta,vegetarianism.meta.stackexchange.com
ukr,Ukrainian Language,ukrainian.stackexchange.com
ukrm,Ukrainian Language Meta,ukrainian.meta.stackexchange.com
do,DevOps,devops.stackexchange.com
dom,DevOps Meta,devops.meta.stackexchange.com
bi,Bioinformatics,bioinformatics.stackexchange.com
bim,Bioinformatics Meta,bioinformatics.meta.stackexchange.com
cse,Computer Science Educators,cseducators.stackexchange.com
csem,Computer Science Educators Meta,cseducators.meta.stackexchange.com
ips,Interpersonal Skills,interpersonal.stackexchange.com
ipsm,Interpersonal Skills Meta,interpersonal.meta.stackexchange.com
iota,Iota,iota.stackexchange.com
iotam,Iota Meta,iota.meta.stackexchange.com
ste,Stellar,stellar.stackexchange.com
stem,Stellar Meta,stellar.meta.stackexchange.com
cl,Constructed Languages,conlang.stackexchange.com
clm,Constructed Languages Meta,conlang.meta.stackexchange.com
qc,Quantum Computing,quantumcomputing.stackexchange.com
qcm,Quantum Computing Meta,quantumcomputing.meta.stackexchange.com
eosio,EOS.IO,eosio.stackexchange.com
eosiom,EOS.IO Meta,eosio.meta.stackexchange.com
tez,Tezos,tezos.stackexchange.com
tezm,Tezos Meta,tezos.meta.stackexchange.com
or,Operations Research,or.stackexchange.com
orm,Operations Research Meta,or.meta.stackexchange.com
dm,Drones and Model Aircraft,drones.stackexchange.com
dmm,Drones and Model Aircraft Meta,drones.meta.stackexchange.com
mm,Matter Modeling,mattermodeling.stackexchange.com
mmm,Matter Modeling Meta,mattermodeling.meta.stackexchange.com
ca,Cardano,cardano.stackexchange.com
cam,Cardano Meta,cardano.meta.stackexchange.com
pa,Proof Assistants,proofassistants.stackexchange.com
pam,Proof Assistants Meta,proofassistants.meta.stackexchange.com
sp3,Substrate and Polkadot,substrate.stackexchange.com
spm3,Substrate and Polkadot Meta,substrate.meta.stackexchange.com
ba,Bioacoustics,bioacoustics.stackexchange.com
bam,Bioacoustics Meta,bioacoustics.meta.stackexchange.com
sol,Solana,solana.stackexchange.com
solm,Solana Meta,solana.meta.stackexchange.com
pl,Programming Language Design and Implementation,langdev.stackexchange.com
plm,Programming Language Design and Implementation Meta,langdev.meta.stackexchange.com
gen,GenAI,genai.stackexchange.com
genm,GenAI Meta,genai.meta.stackexchange.com
